timestamp,operation,crm_id,old_value,new_value,error
2026-03-25T17:57:18Z,scan,001Hs00005uDmIzIAK,Abnormal Security,Abnormal Security,
2026-03-25T17:57:20Z,scan,001Hs00005uDmJOIA0,AB Tasty,AB Tasty,
2026-03-25T17:57:21Z,scan,001Hs00005uDmJMIA0,AB Staffing Solutions,AB Staffing Solutions,
2026-03-25T17:57:22Z,scan,001Hs00005uDmIyIAK,Abnormal Security,Abnormal Security,
2026-03-25T17:57:22Z,scan,001Hs00005uDmIxIAK,Abnormal AI,Abnormal AI,
2026-03-25T17:57:27Z,scan,001Hs00005uDmJEIA0,AB S.A. - dystrybutor nowoczesnych technologii,AB,
2026-03-25T17:57:33Z,scan,001Hs00005uDmJ4IAK,About Face Models,About Face Models,
2026-03-25T17:57:34Z,scan,001Hs00005uDmJ1IAK,Abode Hospice,Abode Hospice,
2026-03-25T17:57:36Z,scan,001Hs00005uDmJ2IAK,AborXR,AborXR,
2026-03-25T17:57:38Z,scan,001Hs00005uDmJ3IAK,AboundUp,AboundUp,
2026-03-25T17:57:39Z,scan,001Hs00005uDmJ0IAK,ABODE At Litchfield Park,Abode At Litchfield Park,
2026-03-25T17:57:42Z,scan,001Hs00005uDmJ7IAK,Abrahamsen Gindin LLC,Abrahamsen Gindin,
2026-03-25T17:57:43Z,scan,001Hs00005uDmJ9IAK,"Abrams Realty & Development, LLC",Abrams Realty & Development,
2026-03-25T17:57:50Z,scan,001Hs00005uDmJAIA0,Abridge,Abridge,
2026-03-25T17:57:50Z,scan,001Hs00005uDmJ8IAK,ABRAMS,Abrams,
2026-03-25T17:57:51Z,scan,001Hs00005uDmJBIA0,Abridge,Abridge,
2026-03-25T17:57:54Z,scan,001Hs00005uDmJ6IAK,ABRA Auto Body & Glass,Abra Auto Body & Glass,
2026-03-25T17:57:58Z,scan,001Hs00005uDmJ5IAK,ABQ-IT,ABQ-IT,
2026-03-25T17:58:01Z,scan,001Hs00005uDmJDIA0,abs,Abs,
2026-03-25T17:58:04Z,scan,001Hs00005uDmJFIA0,AbsenceSoft,AbsenceSoft,
2026-03-25T17:58:04Z,scan,001Hs00005uDmJHIA0,Absolute Home Mortgage Corp.,Absolute Home Mortgage,
2026-03-25T17:58:08Z,scan,001Hs00005uDmJCIA0,Abrigo,Abrigo,
2026-03-25T17:58:09Z,scan,001Hs00005uDmJGIA0,Absolutdata Analytics-an Infogain company,Absolutdata Analytics,
2026-03-25T17:58:10Z,scan,001Hs00005uDmJJIA0,Absolute Value LLC,Absolute Value,
2026-03-25T17:58:10Z,scan,001Hs00005uDmJIIA0,Absolute Security,Absolute Security,
2026-03-25T17:58:13Z,scan,001Hs00005uDmJLIA0,Absorb Software,Absorb Software,
2026-03-25T17:58:17Z,scan,001Hs00005uDmJKIA0,AbsoluteWeb,AbsoluteWeb,
2026-03-25T17:58:20Z,scan,001Hs00005uDmJQIA0,"Abusix, Inc.",Abusix,
2026-03-25T17:58:25Z,scan,001Hs00005uDmJRIA0,ABX,ABX,
2026-03-25T17:58:28Z,scan,001Hs00005uDmJPIA0,Abundant IoT,Abundant IoT,
2026-03-25T17:58:29Z,scan,001Hs00005uDmJSIA0,Acacia,Acacia,
2026-03-25T17:58:31Z,scan,001Hs00005uDmJeIAK,ACA Group,ACA,
2026-03-25T17:58:35Z,scan,001Hs00005uDmJTIA0,Acacia Network,Acacia Network,
2026-03-25T17:58:41Z,scan,001Hs00005uDmJNIA0,Abstrakt Marketing Group,Abstrakt Marketing,
2026-03-25T17:58:42Z,scan,001Hs00005uDmJWIA0,Academy Inc.,Academy,
2026-03-25T17:58:45Z,scan,001Hs00005uDmJUIA0,Academica West,Academica West,
2026-03-25T17:58:45Z,scan,001Hs00005uDmJYIA0,Academy Sports + Outdoors,Academy Sports + Outdoors,
2026-03-25T17:58:47Z,scan,001Hs00005uDmJXIA0,Academy of Media Arts,Academy of Media Arts,
2026-03-25T17:58:50Z,scan,001Hs00005uDmJZIA0,Acadia,Acadia,
2026-03-25T17:58:51Z,scan,001Hs00005uDmJbIAK,Acadia Insurance,Acadia Insurance,
2026-03-25T17:58:57Z,scan,001Hs00005uDmJVIA0,academy.com,Academy,
2026-03-25T17:58:57Z,scan,001Hs00005uDmJaIAK,Acadia Healthcare Corporate Headquarters,Acadia Healthcare,
2026-03-25T17:58:59Z,scan,001Hs00005uDmJfIAK,Acalvio Technologies,Acalvio Technologies,
2026-03-25T17:59:01Z,scan,001Hs00005uDmJdIAK,Acadia Pharmaceuticals Inc.,Acadia Pharmaceuticals,
2026-03-25T17:59:02Z,scan,001Hs00005uDmJcIAK,Acadian Ambulance Service,Acadian Ambulance Service,
2026-03-25T17:59:11Z,scan,001Hs00005uDmJkIAK,Accel,Accel,
2026-03-25T17:59:12Z,scan,001Hs00005uDmJhIAK,ACAMS,Acams,
2026-03-25T17:59:14Z,scan,001Hs00005uDmJiIAK,Acara Solutions,Acara Solutions,
2026-03-25T17:59:17Z,scan,001Hs00005uDmJjIAK,"Acara Solutions, An Aleron Company",Acara Solutions,
2026-03-25T17:59:23Z,scan,001Hs00005uDmJgIAK,Acalvio Technologies,Acalvio,
2026-03-25T17:59:23Z,scan,001Hs00005uDmJpIAK,Accel Entertainment,Accel Entertainment,
2026-03-25T17:59:24Z,scan,001Hs00005uDmK2IAK,Accel-KKR,Accel-KKR,
2026-03-25T17:59:28Z,scan,001Hs00005uDmK5IAK,Accel Wealth Management,Accel Wealth Management,
2026-03-25T17:59:30Z,scan,001Hs00005uDmJzIAK,Accel Impact Holdings,Accel Impact,
2026-03-25T17:59:33Z,scan,001Hs00005uDmJnIAK,Acceldata,Acceldata,
2026-03-25T17:59:33Z,scan,001Hs00005uDmJlIAK,Accela,Accela,
2026-03-25T17:59:37Z,scan,001Hs00005uDmJoIAK,Accelecom,Accelecom,
2026-03-25T17:59:39Z,scan,001Hs00005uDmJmIAK,accelant,Accelant,
2026-03-25T17:59:39Z,scan,001Hs00005uDmJuIAK,Accelerate GTM,Accelerate GTM,
2026-03-25T17:59:40Z,scan,001Hs00005uDmJqIAK,ACCELERAID,Acceleraid,
2026-03-25T17:59:42Z,scan,001Hs00005uDmJrIAK,accelerant4,Accelerant4,
2026-03-25T17:59:43Z,scan,001Hs00005uDmJtIAK,Accelerated Receivables Solutions,Accelerated Receivables Solutions,
2026-03-25T17:59:45Z,scan,001Hs00005uDmJxIAK,Accelevents,Accelevents,
2026-03-25T17:59:51Z,scan,001Hs00005uDmJwIAK,AccelESG,AccelESG,
2026-03-25T17:59:51Z,scan,001Hs00005uDmJvIAK,AccelESG,Accel ESG,
2026-03-25T17:59:53Z,scan,001Hs00005uDmJsIAK,Accelerated Growth Lab,Accelerated Growth Lab,
2026-03-25T17:59:58Z,scan,001Hs00005uDmK4IAK,Accelsius,Accelsius,
2026-03-25T18:00:00Z,scan,001Hs00005uDmK0IAK,Accelitec,Accelitec,
2026-03-25T18:00:00Z,scan,001Hs00005uDmJyIAK,accelHRate LLC,AccelHRate,
2026-03-25T18:00:03Z,scan,001Hs00005uDmK1IAK,Accelium,Accelium,
2026-03-25T18:00:07Z,scan,001Hs00005uDmK3IAK,ACCELQ,Accelq,
2026-03-25T18:00:11Z,scan,001Hs00005uDmK8IAK,Accent | Phone. Video. Message.,Accent,
2026-03-25T18:00:12Z,scan,001Hs00005uDmK7IAK,"Accentcare, Inc.",Accentcare,
2026-03-25T18:00:13Z,scan,001Hs00005uDmK6IAK,Accelytics Consulting,Accelytics,
2026-03-25T18:00:15Z,scan,001Hs00005uDmK9IAK,Accentuate Staffing,Accentuate Staffing,
2026-03-25T18:00:16Z,scan,001Hs00005uDmKAIA0,Accenture,Accenture,
2026-03-25T18:00:17Z,scan,001Hs00005uDmKDIA0,"Accertify, Inc.",Accertify,
2026-03-25T18:00:19Z,scan,001Hs00005uDmKBIA0,Accenture,Accenture,
2026-03-25T18:00:19Z,scan,001Hs00005uDmKEIA0,Access,Access,
2026-03-25T18:00:19Z,scan,001Hs00005uDmKCIA0,Accern (Acquired by Wand AI),Accern,
2026-03-25T18:00:22Z,scan,001Hs00005uDmKIIA0,Access Financial Services,Access Financial Services,
2026-03-25T18:00:25Z,scan,001Hs00005uDmKJIA0,Access Healthcare,Access Healthcare,
2026-03-25T18:00:26Z,scan,001Hs00005uDmKNIA0,Access Industries,Access Industries,
2026-03-25T18:00:31Z,scan,001Hs00005uDmKGIA0,Access America Association,Access America,
2026-03-25T18:00:33Z,scan,001Hs00005uDmKFIA0,Access America Association,Access America,
2026-03-25T18:00:36Z,scan,001Hs00005uDmKSIA0,Access Storage,Access Storage,
2026-03-25T18:00:36Z,scan,001Hs00005uDmKQIA0,Access Softek,Access Softek,
2026-03-25T18:00:36Z,scan,001Hs00005uDmKKIA0,Access Holdings,Access,
2026-03-25T18:00:43Z,scan,001Hs00005uDmKMIA0,Accessibility Shield,Accessibility Shield,
2026-03-25T18:00:43Z,scan,001Hs00005uDmKRIA0,Access Storage,Access Storage,
2026-03-25T18:00:46Z,scan,001Hs00005uDmKHIA0,AccessDx Laboratory,AccessDx Laboratory,
2026-03-25T18:00:46Z,scan,001Hs00005uDmKOIA0,AccessLex Institute,AccessLex Institute,
2026-03-25T18:00:47Z,scan,001Hs00005uDmKLIA0,accessiBe,AccessiBe,
2026-03-25T18:00:55Z,scan,001Hs00005uDmKWIA0,Acclaro Inc,Acclaro,
2026-03-25T18:00:57Z,scan,001Hs00005uDmKVIA0,Acclaim Apartment Homes,Acclaim Apartment Homes,
2026-03-25T18:00:59Z,scan,001Hs00005uDmKTIA0,ACCI,Acci,
2026-03-25T18:01:04Z,scan,001Hs00005uDmKPIA0,AccessOne,AccessOne,
2026-03-25T18:01:04Z,scan,001Hs00005uDmKUIA0,Accion Labs,Accion Labs,
2026-03-25T18:01:07Z,scan,001Hs00005uDmKXIA0,Acclaro Medical,Acclaro Medical,
2026-03-25T18:01:08Z,scan,001Hs000032QN7ZIAW,Edge Communications,Edge Communications,
2026-03-25T18:01:11Z,scan,001Hs00005uDmKYIA0,ACCO Brands,Acco Brands,
2026-03-25T18:01:12Z,scan,001Hs000032QN7jIAG,GenePoint,GenePoint,
2026-03-25T18:01:15Z,scan,001Hs000032QN7dIAG,Grand Hotels & Resorts Ltd,Grand Hotels & Resorts,
2026-03-25T18:01:23Z,scan,001Hs000032QN7eIAG,United Oil & Gas Corp.,United Oil & Gas,
2026-03-25T18:01:23Z,scan,001Hs000032QN7fIAG,Express Logistics and Transport,Express Logistics and Transport,
2026-03-25T18:01:26Z,scan,001Hs000032QNBEIA4,Sample Account for Entitlements,Sample Account for Entitlements,
2026-03-25T18:01:27Z,scan,001Hs000032QN7aIAG,Burlington Textiles Corp of America,Burlington Textiles,
2026-03-25T18:01:33Z,scan,001Hs000032QN7gIAG,University of Arizona,University of Arizona,
2026-03-25T18:01:36Z,scan,001Hs000032QN7iIAG,"United Oil & Gas, Singapore","United Oil & Gas, Singapore",
2026-03-25T18:01:37Z,scan,001Hs000032QN7hIAG,"United Oil & Gas, UK",United Oil & Gas,
2026-03-25T18:03:29Z,dedup,001Hs00005uDmKBIA0,Accenture,[DUPLICATE] Accenture,
2026-03-25T18:03:29Z,dedup,001Hs00005uDmKSIA0,Access Storage,[DUPLICATE] Access Storage,
2026-03-25T18:03:29Z,dedup,001Hs00005uDmJgIAK,Acalvio Technologies,[DUPLICATE] Acalvio Technologies,
2026-03-25T18:03:29Z,dedup,001Hs00005uDmJiIAK,Acara Solutions,[DUPLICATE] Acara Solutions,
2026-03-25T18:03:29Z,dedup,001Hs000032QN7iIAG,"United Oil & Gas, Singapore","[DUPLICATE] United Oil & Gas, Singapore",
2026-03-25T18:03:29Z,dedup,001Hs000032QN7hIAG,"United Oil & Gas, UK","[DUPLICATE] United Oil & Gas, UK",
2026-03-25T18:03:29Z,dedup,001Hs00005uDmJVIA0,academy.com,[DUPLICATE] academy.com,
2026-03-26T18:29:19Z,dedup,001Hs00005uDn8DIAS,Acara Solutions,[DUPLICATE] Acara Solutions,
2026-03-26T18:29:19Z,dedup,001Hs00005uDn8BIAS,Acalvio Technologies,[DUPLICATE] Acalvio Technologies,
2026-03-26T18:29:19Z,dedup,001Hs00005uDn8xIAC,Access Storage,[DUPLICATE] Access Storage,
2026-03-26T18:29:19Z,dedup,001Hs00005uDn8gIAC,Accenture,[DUPLICATE] Accenture,
2026-03-26T18:29:19Z,dedup,001Hs000032QN7iIAG,"United Oil & Gas, Singapore","[DUPLICATE] United Oil & Gas, Singapore",
2026-03-26T18:29:19Z,dedup,001Hs000032QN7hIAG,"United Oil & Gas, UK","[DUPLICATE] United Oil & Gas, UK",
2026-03-26T18:29:19Z,dedup,001Hs00005uDn80IAC,academy.com,[DUPLICATE] academy.com,
2026-03-26T18:30:16Z,scan,001Hs00005uDn7UIAS,Abnormal Security,Abnormal Security,
2026-03-26T18:30:22Z,scan,001Hs00005uDn7SIAS,Abnormal AI,Abnormal AI,
2026-03-26T18:30:23Z,scan,001Hs00005uDn7jIAC,AB S.A. - dystrybutor nowoczesnych technologii,AB,
2026-03-26T18:30:23Z,scan,001Hs00005uDn7TIAS,Abnormal Security,Abnormal Security,
2026-03-26T18:30:24Z,scan,001Hs00005uDn7rIAC,AB Staffing Solutions,AB Staffing Solutions,
2026-03-26T18:30:24Z,scan,001Hs00005uDn7tIAC,AB Tasty,Ab Tasty,
2026-03-26T18:30:25Z,scan,001Hs00005uDn7WIAS,Abode Hospice,Abode Hospice,
2026-03-26T18:30:28Z,scan,001Hs00005uDn7ZIAS,About Face Models,About Face Models,
2026-03-26T18:30:31Z,scan,001Hs00005uDn7YIAS,AboundUp,AboundUp,
2026-03-26T18:30:35Z,scan,001Hs00005uDn7aIAC,ABQ-IT,ABQ-IT,
2026-03-26T18:30:38Z,scan,001Hs00005uDn7VIAS,ABODE At Litchfield Park,Abode at Litchfield Park,
2026-03-26T18:30:40Z,scan,001Hs00005uDn7cIAC,Abrahamsen Gindin LLC,Abrahamsen Gindin,
2026-03-26T18:30:41Z,scan,001Hs00005uDn7XIAS,AborXR,Aborxr,
2026-03-26T18:30:41Z,scan,001Hs00005uDn7bIAC,ABRA Auto Body & Glass,Abra Auto Body & Glass,
2026-03-26T18:30:42Z,scan,001Hs00005uDn7dIAC,ABRAMS,Abrams,
2026-03-26T18:30:43Z,scan,001Hs00005uDn7hIAC,Abrigo,Abrigo,
2026-03-26T18:30:48Z,scan,001Hs00005uDn7gIAC,Abridge,Abridge,
2026-03-26T18:30:48Z,scan,001Hs00005uDn7kIAC,AbsenceSoft,AbsenceSoft,
2026-03-26T18:30:50Z,scan,001Hs00005uDn7iIAC,abs,Abs,
2026-03-26T18:30:51Z,scan,001Hs00005uDn7fIAC,Abridge,Abridge,
2026-03-26T18:30:53Z,scan,001Hs00005uDn7eIAC,"Abrams Realty & Development, LLC",Abrams Realty & Development,
2026-03-26T18:30:54Z,scan,001Hs00005uDn7nIAC,Absolute Security,Absolute Security,
2026-03-26T18:30:57Z,scan,001Hs00005uDn7mIAC,Absolute Home Mortgage Corp.,Absolute Home Mortgage,
2026-03-26T18:30:57Z,scan,001Hs00005uDn7qIAC,Absorb Software,Absorb Software,
2026-03-26T18:31:03Z,scan,001Hs00005uDn7oIAC,Absolute Value LLC,Absolute Value,
2026-03-26T18:31:07Z,scan,001Hs00005uDn7sIAC,Abstrakt Marketing Group,Abstrakt Marketing Group,
2026-03-26T18:31:10Z,scan,001Hs00005uDn7uIAC,Abundant IoT,Abundant IoT,
2026-03-26T18:31:11Z,scan,001Hs00005uDn7pIAC,AbsoluteWeb,AbsoluteWeb,
2026-03-26T18:31:13Z,scan,001Hs00005uDn7vIAC,"Abusix, Inc.",Abusix,
2026-03-26T18:31:14Z,scan,001Hs00005uDn7lIAC,Absolutdata Analytics-an Infogain company,Absolutdata Analytics-An Infogain,
2026-03-26T18:31:18Z,scan,001Hs00005uDn89IAC,ACA Group,ACA Group,
2026-03-26T18:31:19Z,scan,001Hs00005uDn7yIAC,Acacia Network,Acacia Network,
2026-03-26T18:31:19Z,scan,001Hs00005uDn7xIAC,Acacia,Acacia,
2026-03-26T18:31:19Z,scan,001Hs00005uDn7wIAC,ABX,Abx,
2026-03-26T18:31:22Z,scan,001Hs00005uDn84IAC,Acadia,Acadia,
2026-03-26T18:31:23Z,scan,001Hs00005uDn83IAC,Academy Sports + Outdoors,Academy Sports + Outdoors,
2026-03-26T18:31:24Z,scan,001Hs00005uDn7zIAC,Academica West,Academica West,
2026-03-26T18:31:26Z,scan,001Hs00005uDn81IAC,Academy Inc.,Academy,
2026-03-26T18:31:30Z,scan,001Hs00005uDn88IAC,Acadia Pharmaceuticals Inc.,Acadia Pharmaceuticals,
2026-03-26T18:31:32Z,scan,001Hs00005uDn82IAC,Academy of Media Arts,Academy of Media Arts,
2026-03-26T18:31:33Z,scan,001Hs00005uDn86IAC,Acadia Insurance,Acadia Insurance,
2026-03-26T18:31:42Z,scan,001Hs00005uDn87IAC,Acadian Ambulance Service,Acadian Ambulance Service,
2026-03-26T18:31:44Z,scan,001Hs00005uDn85IAC,Acadia Healthcare Corporate Headquarters,Acadia Healthcare,
2026-03-26T18:31:46Z,scan,001Hs00005uDn8AIAS,Acalvio Technologies,Acalvio Technologies,
2026-03-26T18:31:46Z,scan,001Hs00005uDn8EIAS,"Acara Solutions, An Aleron Company",Acara Solutions,
2026-03-26T18:31:52Z,scan,001Hs00005uDn8KIAS,Accel Entertainment,Accel Entertainment,
2026-03-26T18:31:53Z,scan,001Hs00005uDn8FIAS,Accel,Accel,
2026-03-26T18:31:57Z,scan,001Hs00005uDn8aIAC,Accel Wealth Management,Accel Wealth Management,
2026-03-26T18:31:57Z,scan,001Hs00005uDn8XIAS,Accel-KKR,Accel-KKR,
2026-03-26T18:32:00Z,scan,001Hs00005uDn8IIAS,Acceldata,Acceldata,
2026-03-26T18:32:01Z,scan,001Hs00005uDn8GIAS,Accela,Accela,
2026-03-26T18:32:05Z,scan,001Hs00005uDn8UIAS,Accel Impact Holdings,Accel Impact,
2026-03-26T18:32:06Z,scan,001Hs00005uDn8CIAS,ACAMS,ACAMS,
2026-03-26T18:32:11Z,scan,001Hs00005uDn8JIAS,Accelecom,Accelecom,
2026-03-26T18:32:11Z,scan,001Hs00005uDn8HIAS,accelant,Accelant,
2026-03-26T18:32:13Z,scan,001Hs00005uDn8LIAS,ACCELERAID,Acceleraid,
2026-03-26T18:32:14Z,scan,001Hs00005uDn8MIAS,accelerant4,Accelerant4,
2026-03-26T18:32:18Z,scan,001Hs00005uDn8PIAS,Accelerate GTM,Accelerate GTM,
2026-03-26T18:32:23Z,scan,001Hs00005uDn8RIAS,AccelESG,AccelESG,
2026-03-26T18:32:25Z,scan,001Hs00005uDn8OIAS,Accelerated Receivables Solutions,Accelerated Receivables Solutions,
2026-03-26T18:32:29Z,scan,001Hs00005uDn8SIAS,Accelevents,Accelevents,
2026-03-26T18:32:29Z,scan,001Hs00005uDn8QIAS,AccelESG,Accel ESG,
2026-03-26T18:32:31Z,scan,001Hs00005uDn8NIAS,Accelerated Growth Lab,Accelerated Growth Lab,
2026-03-26T18:32:33Z,scan,001Hs00005uDn8ZIAS,Accelsius,Accelsius,
2026-03-26T18:32:37Z,scan,001Hs00005uDn8WIAS,Accelium,Accelium,
2026-03-26T18:32:37Z,scan,001Hs00005uDn8YIAS,ACCELQ,AccelQ,
2026-03-26T18:32:39Z,scan,001Hs00005uDn8VIAS,Accelitec,Accelitec,
2026-03-26T18:32:42Z,scan,001Hs00005uDn8dIAC,Accent | Phone. Video. Message.,Accent | Phone. Video. Message.,
2026-03-26T18:32:43Z,scan,001Hs00005uDn8bIAC,Accelytics Consulting,Accelytics,
2026-03-26T18:32:46Z,scan,001Hs00005uDn8fIAC,Accenture,Accenture,
2026-03-26T18:32:50Z,scan,001Hs00005uDn8eIAC,Accentuate Staffing,Accentuate Staffing,
2026-03-26T18:32:53Z,scan,001Hs00005uDn8cIAC,"Accentcare, Inc.",Accentcare,
2026-03-26T18:32:55Z,scan,001Hs00005uDn8hIAC,Accern (Acquired by Wand AI),Accern,
2026-03-26T18:32:56Z,scan,001Hs00005uDn8iIAC,"Accertify, Inc.",Accertify,
2026-03-26T18:32:57Z,scan,001Hs00005uDn8TIAS,accelHRate LLC,AccelHRate,
2026-03-26T18:32:59Z,scan,001Hs00005uDn8jIAC,Access,Access,
2026-03-26T18:32:59Z,scan,001Hs00005uDn8oIAC,Access Healthcare,Access Healthcare,
2026-03-26T18:33:06Z,scan,001Hs00005uDn8sIAC,Access Industries,Access Industries,
2026-03-26T18:33:08Z,scan,001Hs00005uDn8nIAC,Access Financial Services,Access Financial Services,
2026-03-26T18:33:13Z,scan,001Hs00005uDn8lIAC,Access America Association,Access America,
2026-03-26T18:33:13Z,scan,001Hs00005uDn8kIAC,Access America Association,Access America,
2026-03-26T18:33:15Z,scan,001Hs00005uDn8pIAC,Access Holdings,Access Holdings,
2026-03-26T18:33:16Z,scan,001Hs00005uDn8wIAC,Access Storage,Access Storage,
2026-03-26T18:33:21Z,scan,001Hs00005uDn8rIAC,Accessibility Shield,Accessibility Shield,
2026-03-26T18:33:27Z,scan,001Hs00005uDn8mIAC,AccessDx Laboratory,AccessDx,
2026-03-26T18:33:29Z,scan,001Hs00005uDn8tIAC,AccessLex Institute,AccessLex Institute,
2026-03-26T18:33:30Z,scan,001Hs00005uDn8qIAC,accessiBe,accessiBe,
2026-03-26T18:33:32Z,scan,001Hs00005uDn8uIAC,AccessOne,,
2026-03-26T18:33:38Z,scan,001Hs00005uDn8vIAC,Access Softek,Access Softek,
2026-03-26T18:33:39Z,scan,001Hs00005uDn8zIAC,Accion Labs,Accion Labs,
2026-03-26T18:33:40Z,scan,001Hs00005uDn91IAC,Acclaro Inc,Acclaro,
2026-03-26T18:33:41Z,scan,001Hs00005uDn8yIAC,ACCI,Acci,
2026-03-26T18:33:47Z,scan,001Hs00005uDn92IAC,Acclaro Medical,Acclaro Medical,
2026-03-26T18:33:49Z,scan,001Hs00005uDn93IAC,ACCO Brands,Acco Brands,
2026-03-26T18:33:50Z,scan,001Hs00005uDn90IAC,Acclaim Apartment Homes,Acclaim Apartment Homes,
2026-03-26T18:33:53Z,scan,001Hs000032QN7ZIAW,Edge Communications,Edge Communications,
2026-03-26T18:33:59Z,scan,001Hs000032QN7jIAG,GenePoint,GenePoint,
2026-03-26T18:34:01Z,scan,001Hs000032QN7aIAG,Burlington Textiles Corp of America,Burlington Textiles,
2026-03-26T18:34:02Z,scan,001Hs000032QN7fIAG,Express Logistics and Transport,Express Logistics and Transport,
2026-03-26T18:34:05Z,scan,001Hs000032QN7dIAG,Grand Hotels & Resorts Ltd,Grand Hotels & Resorts,
2026-03-26T18:34:05Z,scan,001Hs000032QNBEIA4,Sample Account for Entitlements,Sample Account for Entitlements,
2026-03-26T18:34:11Z,scan,001Hs000032QN7gIAG,University of Arizona,University of Arizona,
2026-03-26T18:34:14Z,scan,001Hs00005uDn80IAC,[DUPLICATE] academy.com,Academy,
2026-03-26T18:34:15Z,scan,001Hs000032QN7eIAG,United Oil & Gas Corp.,United Oil & Gas,
2026-03-26T18:34:16Z,scan,001Hs00005uDn8BIAS,[DUPLICATE] Acalvio Technologies,Acalvio Technologies,
2026-03-26T18:34:17Z,scan,001Hs00005uDn8DIAS,[DUPLICATE] Acara Solutions,Acara Solutions,
2026-03-26T18:34:19Z,scan,001Hs00005uDn8gIAC,[DUPLICATE] Accenture,Accenture,
2026-03-26T18:34:21Z,scan,001Hs00005uDn8xIAC,[DUPLICATE] Access Storage,Access Storage,
2026-03-26T18:34:29Z,scan,001Hs000032QN7iIAG,"[DUPLICATE] United Oil & Gas, Singapore",United Oil & Gas,
2026-03-26T18:34:31Z,scan,001Hs000032QN7hIAG,"[DUPLICATE] United Oil & Gas, UK",United Oil & Gas,
2026-04-08T14:37:52Z,scan,001Hs00005uF0wOIAS,Abnormal Security,Abnormal Security,
2026-04-08T14:37:53Z,scan,001Hs00005uF0wmIAC,AB Staffing Solutions,AB Staffing Solutions,
2026-04-08T14:37:56Z,scan,001Hs00005uF0wNIAS,Abnormal AI,Abnormal AI,
2026-04-08T14:38:00Z,scan,001Hs00005uF0wPIAS,Abnormal Security,Abnormal Security,
2026-04-08T14:38:03Z,scan,001Hs00005uF0woIAC,AB Tasty,Tasty,
2026-04-08T14:38:05Z,scan,001Hs00005uF0weIAC,AB S.A. - dystrybutor nowoczesnych technologii,AB,
2026-04-08T14:38:06Z,scan,001Hs00005uF0wRIAS,Abode Hospice,Abode Hospice,
2026-04-08T14:38:08Z,scan,001Hs00005uF0wQIAS,ABODE At Litchfield Park,Abode at Litchfield Park,
2026-04-08T14:38:12Z,scan,001Hs00005uF0wUIAS,About Face Models,About Face Models,
2026-04-08T14:38:19Z,scan,001Hs00005uF0wTIAS,AboundUp,AboundUp,
2026-04-08T14:38:19Z,scan,001Hs00005uF0wSIAS,AborXR,Aborxr,
